{
	"name": "Docker from Docker Compose",
	"dockerComposeFile": "docker-compose.yaml",
	"service": "devcontainer",
	"workspaceFolder": "/workspaces/${localWorkspaceFolderBasename}",

	// Use this environment variable if you need to bind mount your local source code into a new container.
	"remoteEnv": {
		"LOCAL_WORKSPACE_FOLDER": "${localWorkspaceFolder}"
	},

	// Configure tool-specific properties.
	"customizations": {
		// Configure properties specific to VS Code.
		"vscode": {		
			// Add the IDs of extensions you want installed when the container is created.
			"extensions": [
				"ms-azuretools.vscode-docker",
				"xdebug.php-pack"
			]
		}
	},

	// Use 'forwardPorts' to make a list of ports inside the container available locally.
	// "forwardPorts": [],

	// Use 'postCreateCommand' to run commands after the container is created.
	// Make content from working directory available on the web server
	"postCreateCommand": "sudo chmod a+x \"$(pwd)/simplecms\" && sudo rm -rf /var/www/html && sudo ln -s \"$(pwd)/simplecms\" /var/www/html",

	// Comment out to connect as root instead. More info: https://aka.ms/vscode-remote/containers/non-root.
	// "remoteUser": "vscode",
	"features": {
		// "ghcr.io/devcontainers/features/git:1": {},
		// "ghcr.io/guiyomh/features/vim:0": {}
	}
}
